YR,MO,DAY,DATE,TIME,HOUR,MINUTE,DM,SERIES,BAND #,NET,SPP,WNG,SEX,HOW ,AGE,HOW ,SKL,FAT,BODM,FLTM,TAIL,P10,MASS,Seeds?,Ilex montana,Viburnum lantanoides,Arisaema triphyllum,Sorbus americana,Vaccinium pallidum,Vaccinium corymbosum,Rubus phoenicolasius,Cornus alternifolia,Smilax glauca,Phytolacca americana,Rubus allegheniensis,Amelanchier laevis
2021,9,3,2021-09-03,912,9,12,TM,2831,76248,5,SWTH,100,U,,AHY,S,6,0,0,0,,5.2,,0,0,0,0,0,0,0,0,0,0,0,0,0
2021,9,4,2021-09-04,846,8,46,MH,2891,66665,35,WOTH,100,U,,HY,P,8,0,0,0,,,46.5,0,0,0,0,0,0,0,0,0,0,0,0,0
2021,9,4,2021-09-04,920,9,20,EF,2831,76250,35,SWTH,100,U,,HY,S,3,0,0,0,,4.3,29.4,0,0,0,0,0,0,0,0,0,0,0,0,0
2021,9,7,2021-09-07,820,8,20,MH,2831,76251,33,SWTH,97,U,,AHY,S,6,0,0,0,,10.1,30.8,1,0,0,0,0,0,1,0,0,0,0,1,0
2021,9,7,2021-09-07,827,8,27,MH,2831,76252,34,SWTH,94,U,,HY,S,1,0,1,0,,6.4,28.7,0,0,0,0,0,0,0,0,0,0,0,0,0
2021,9,7,2021-09-07,827,8,27,MH,2831,76253,31,SWTH,92,U,,HY,S,3,2,1,0,,7.7,28,0,0,0,0,0,0,0,0,0,0,0,0,0
2021,9,7,2021-09-07,933,9,33,MH,2831,76254,36,SWTH,94,U,,HY,S,2,0,0,0,,9.1,28.8,1,0,0,0,0,0,0,0,0,0,0,1,0
2021,9,7,2021-09-07,938,9,38,KG,2831,76255,34,SWTH,97,U,,HY,S,3,0,0,0,,8.6,27.8,1,0,0,0,0,0,0,0,0,0,0,1,0
2021,9,7,2021-09-07,1140,11,40,MH,2831,76256,34,SWTH,95,U,,AHY,S,6,1,0,0,,7.3,29,0,0,0,0,0,0,0,0,0,0,0,0,0
2021,9,7,2021-09-07,1242,12,42,MH,2831,76257,37,SWTH,93,U,,HY,S,3,1,0,0,,7.1,27.9,0,0,0,0,0,0,0,0,0,0,0,0,0
2021,9,8,2021-09-08,753,7,53,TM,2831,76258,35,SWTH,99,U,,HY,S,3,0,1,0,,9.5,32.2,0,0,0,0,0,0,0,0,0,0,0,0,0
2021,9,8,2021-09-08,802,8,2,TM,2831,76259,34,SWTH,104,M,W,HY,S,3,0,0,0,,10.5,31.3,0,0,0,0,0,0,0,0,0,0,0,0,0
2021,9,8,2021-09-08,804,8,4,TM,2831,76260,34,SWTH,94,U,,HY,S,2,0,0,0,,6.2,26,0,0,0,0,0,0,0,0,0,0,0,0,0
2021,9,8,2021-09-08,915,9,15,JM,2831,76262,4,SWTH,97,U,,HY,SP,3,0,0,0,,8.5,28.7,0,0,0,0,0,0,0,0,0,0,0,0,0
2021,9,8,2021-09-08,936,9,36,JM,2831,76263,16,SWTH,101,M,W,HY,S,3,0,0,0,,6.4,31.5,0,0,0,0,0,0,0,0,0,0,0,0,0
2021,9,8,2021-09-08,940,9,40,JM,2831,76264,16,SWTH,94,U,,HY,S,2,2,0,0,,5.3,20.9,0,0,0,0,0,0,0,0,0,0,0,0,0
2021,9,8,2021-09-08,942,9,42,JM,2831,76265,15,SWTH,101,M,W,U,,6,0,0,0,,6.1,29.9,0,0,0,0,0,0,0,0,0,0,0,0,0
2021,9,8,2021-09-08,1007,10,7,KG,2831,76266,20,SWTH,96,U,,AHY,S,6,0,0,0,,7.4,28.9,0,0,0,0,0,0,0,0,0,0,0,0,0
2021,9,8,2021-09-08,1010,10,10,KG,2831,76267,3,SWTH,96,U,,HY,P,8,0,0,0,,6.6,27.9,0,0,0,0,0,0,0,0,0,0,0,0,0
2021,9,8,2021-09-08,1051,10,51,MH,2831,76268,32,SWTH,95,U,,HY,S,3,0,0,0,,5.1,31.9,0,0,0,0,0,0,0,0,0,0,0,0,0
2021,9,8,2021-09-08,1055,10,55,JM,2831,76269,15,SWTH,98,U,,AHY,S,6,0,0,0,,9.8,28.7,0,0,0,0,0,0,0,0,0,0,0,0,0
2021,9,8,2021-09-08,1243,12,43,JM,2831,76270,34,SWTH,96,U,,HY,S,2,0,0,0,,5.3,30.4,0,0,0,0,0,0,0,0,0,0,0,0,0
2021,9,10,2021-09-10,817,8,17,GG,2831,76271,32,GCTH,106,U,,AHY,P,6,0,1,0,,7.3,,0,0,0,0,0,0,0,0,0,0,0,0,0
2021,9,10,2021-09-10,823,8,23,GG,2831,76272,34,SWTH,97,U,,AHY,S,6,0,0,0,,,28.6,0,0,0,0,0,0,0,0,0,0,0,0,0
2021,9,10,2021-09-10,851,8,51,GG,2831,76273,31,SWTH,93,U,,HY,P,8,0,0,0,,4.6,28.2,0,0,0,0,0,0,0,0,0,0,0,0,0
2021,9,10,2021-09-10,854,8,54,GG,2831,76274,14,SWTH,99,U,,AHY,P,6,1,0,0,,5.1,30.4,0,0,0,0,0,0,0,0,0,0,0,0,0
2021,9,10,2021-09-10,857,8,57,GG,2831,76275,31,SWTH,92,U,,AHY,S,6,2,0,0,,8.6,27.7,0,0,0,0,0,0,0,0,0,0,0,0,0
2021,9,10,2021-09-10,923,9,23,KB,2831,76276,34,SWTH,102,M,W,AHY,S,6,0,0,0,,6.6,29.9,0,0,0,0,0,0,0,0,0,0,0,0,0
2021,9,10,2021-09-10,927,9,27,KB,2831,76277,33,SWTH,92,U,,U,,8,0,0,0,,7.7,27.5,0,0,0,0,0,0,0,0,0,0,0,0,0
2021,9,10,2021-09-10,957,9,57,GG,2831,76278,33,SWTH,95,U,,HY,P,2,0,0,0,,3.5,27.1,0,0,0,0,0,0,0,0,0,0,0,0,0
2021,9,10,2021-09-10,1056,10,56,GG,2831,76279,32,SWTH,96,U,,HY,S,1,1,0,0,,7.6,29.5,0,0,0,0,0,0,0,0,0,0,0,0,0
2021,9,10,2021-09-10,1059,10,59,GG,2831,76280,33,SWTH,102,M,W,U,,8,0,0,0,,10.5,30,0,0,0,0,0,0,0,0,0,0,0,0,0
2021,9,10,2021-09-10,1111,11,11,GG,2831,76281,20,SWTH,97,U,,HY,P,9,1,0,0,,9,30.4,1,1,0,0,0,0,0,0,0,0,0,0,0
2021,9,10,2021-09-10,1114,11,14,GG,2831,76282,34,SWTH,101,M,W,AHY,S,6,0,0,0,,7.5,32.4,0,0,0,0,0,0,0,0,0,0,0,0,0
2021,9,11,2021-09-11,735,7,35,EF,2831,76283,13,SWTH,92,U,,HY,P,2,1,0,0,,14.4,26.3,0,0,0,0,0,0,0,0,0,0,0,0,0
2021,9,11,2021-09-12,754,7,54,EF,2831,76284,32,SWTH,98,U,,HY,S,2,0,0,0,,,30.3,0,0,0,0,0,0,0,0,0,0,0,0,0
2021,9,11,2021-09-13,757,7,57,EF,2831,76285,34,SWTH,92,U,,HY,P,1,1,0,0,,5.2,29.5,0,0,0,0,0,0,0,0,0,0,0,0,0
2021,9,11,2021-09-14,801,8,1,EF,2831,76286,31,SWTH,95,U,,HY,S,1,1,0,0,,5.8,27.6,0,0,0,0,0,0,0,0,0,0,0,0,0
2021,9,11,2021-09-15,803,8,3,EF,2831,76287,32,SWTH,95,U,,HY,BT,1,1,1,0,,4.1,29.8,0,0,0,0,0,0,0,0,0,0,0,0,0
2021,9,11,2021-09-16,806,8,6,EF,2831,76288,32,SWTH,94,U,,HY,S,1,1,0,0,,6.6,27.8,0,0,0,0,0,0,0,0,0,0,0,0,0
2021,9,11,2021-09-17,808,8,8,EF,2831,76289,33,SWTH,100,U,,HY,S,2,0,3,0,,8.4,30.2,0,0,0,0,0,0,0,0,0,0,0,0,0
2021,9,11,2021-09-18,831,8,31,EF,2831,76290,37,SWTH,95,U,,HY,BT,1,0,0,0,,4.1,30.3,0,0,0,0,0,0,0,0,0,0,0,0,0
2021,9,11,2021-09-19,834,8,35,EF,2831,76291,14,SWTH,96,U,,HY,BT,1,1,0,0,,,31.4,0,0,0,0,0,0,0,0,0,0,0,0,0
2021,9,11,2021-09-20,835,8,35,EF,2831,76292,3,SWTH,93,U,,HY,BT,2,0,0,0,,4.7,28.6,0,0,0,0,0,0,0,0,0,0,0,0,0
2021,9,11,2021-09-21,837,8,37,EF,2831,76293,8,SWTH,98,U,,HY,P,2,1,0,0,,4.5,30.9,0,0,0,0,0,0,0,0,0,0,0,0,0
2021,9,11,2021-09-22,840,8,40,EF,2831,76294,8,SWTH,91,U,,HY,P,8,1,0,0,,4,25.3,0,0,0,0,0,0,0,0,0,0,0,0,0
2021,9,11,2021-09-23,843,8,43,EF,2831,76295,3,SWTH,90,F,W,HY,BT,1,0,0,0,,3.3,97.8,0,0,0,0,0,0,0,0,0,0,0,0,0
2021,9,11,2021-09-24,845,8,45,EF,2891,66667,12,WOTH,102,U,,HY,BT,8,0,0,0,,,48.9,0,0,0,0,0,0,0,0,0,0,0,0,0
2021,9,11,2021-09-25,847,8,47,EF,2831,76296,15,SWTH,102,M,W,HY,S,1,1,0,0,,6.3,29.5,0,0,0,0,0,0,0,0,0,0,0,0,0
2021,9,11,2021-09-26,849,8,49,EF,2831,76297,14,SWTH,90,F,W,HY,S,1,2,2,0,,3.6,29.5,0,0,0,0,0,0,0,0,0,0,0,0,0
2021,9,11,2021-09-27,851,8,51,EF,2831,76298,8,SWTH,100,U,,U,,8,1,0,0,,6.7,31.2,1,0,0,0,0,0,0,1,0,0,0,0,0
2021,9,11,2021-09-28,853,8,53,EF,2831,76299,,SWTH,98,U,,U,,6,0,0,0,,3.9,29,0,0,0,0,0,0,0,0,0,0,0,0,0
2021,9,11,2021-09-29,855,8,55,EF,2831,76300,4,SWTH,96,U,,HY,S,2,0,0,0,,4.1,27.8,0,0,0,0,0,0,0,0,0,0,0,0,0
2021,9,11,2021-09-30,909,9,9,EF,2941,59501,32,SWTH,94,U,,HY,BT,8,2,0,0,,6.5,28.2,0,0,0,0,0,0,0,0,0,0,0,0,0
2021,9,11,2021-10-01,919,9,19,EF,2941,59502,5,SWTH,101,M,W,HY,P,1,0,0,0,,3.4,31,0,0,0,0,0,0,0,0,0,0,0,0,0
2021,9,11,2021-10-02,923,9,23,EF,2941,59503,32,SWTH,96,U,,HY,P,3,0,0,0,,2.6,30.7,0,0,0,0,0,0,0,0,0,0,0,0,0
2021,9,11,2021-10-03,924,9,24,EF,2941,59504,0,SWTH,95,U,,HY,P,1,0,0,0,,4.2,27.1,0,0,0,0,0,0,0,0,0,0,0,0,0
2021,9,11,2021-10-04,925,9,25,EF,2891,66669,13,WOTH,107,U,,HY,P,8,0,3,0,,,48.4,0,0,0,0,0,0,0,0,0,0,0,0,0
2021,9,11,2021-10-05,928,9,28,EF,2941,59505,33,SWTH,97,U,,HY,S,2,0,0,0,,4.7,30,0,0,0,0,0,0,0,0,0,0,0,0,0
2021,9,11,2021-10-06,931,9,31,EF,2941,59506,33,SWTH,95,U,,HY,S,2,0,0,0,,3.4,27.9,0,0,0,0,0,0,0,0,0,0,0,0,0
2021,9,11,2021-10-07,949,9,49,EF,2941,59507,3,SWTH,99,U,,HY,S,2,1,0,0,,0,31.8,0,0,0,0,0,0,0,0,0,0,0,0,0
2021,9,11,2021-10-08,952,9,52,EF,2941,59508,,SWTH,103,M,W,AHY,S,6,1,0,0,,7,31.7,0,0,0,0,0,0,0,0,0,0,0,0,0
2021,9,11,2021-10-09,1013,10,13,EF,2941,59509,3,SWTH,101,M,W,AHY,S,6,0,0,0,,6.5,28.2,0,0,0,0,0,0,0,0,0,0,0,0,0
2021,9,11,2021-10-10,1019,10,19,EF,2941,59510,33,SWTH,97,U,,AHY,S,6,0,0,0,,5.5,29.8,0,0,0,0,0,0,0,0,0,0,0,0,0
2021,9,11,2021-10-11,1026,10,26,EF,2941,59511,33,SWTH,96,U,,HY,P,9,1,0,0,,4.4,30.7,0,0,0,0,0,0,0,0,0,0,0,0,0
2021,9,11,2021-10-12,1028,10,28,EF,2941,59512,34,SWTH,96,U,,U,,8,1,0,0,,7.2,29.2,0,0,0,0,0,0,0,0,0,0,0,0,0
2021,9,11,2021-10-13,1029,10,29,EF,2941,59513,5,SWTH,98,U,,HY,P,8,2,0,0,,5.9,28.1,0,0,0,0,0,0,0,0,0,0,0,0,0
2021,9,11,2021-10-14,1031,10,31,EF,2941,59514,33,SWTH,100,U,,U,,6,2,0,0,,,31,1,1,0,0,0,0,0,0,0,0,0,0,0
2021,9,11,2021-10-15,1056,10,56,EF,2941,59515,34,SWTH,98,U,,HY,P,2,0,0,0,,2.5,29.1,0,0,0,0,0,0,0,0,0,0,0,0,0
2021,9,11,2021-10-16,1156,11,56,SB,2941,59516,5,SWTH,94,U,,HY,P,8,0,0,1,,4.3,26.3,0,0,0,0,0,0,0,0,0,0,0,0,0
2021,9,11,2021-10-17,1157,11,57,SB,2941,59517,5,SWTH,98,U,,HY,S,2,0,0,0,,4.1,28.8,0,0,0,0,0,0,0,0,0,0,0,0,0
2021,9,11,2021-10-18,1255,12,55,SC,2941,59519,33,SWTH,100,U,,HY,BT,8,0,0,0,,5,32.7,0,0,0,0,0,0,0,0,0,0,0,0,0
2021,9,11,2021-10-19,1257,12,57,SC,2941,59520,33,SWTH,92,U,,HY,BT,8,0,0,0,,8.2,S,0,0,0,0,0,0,0,0,0,0,0,0,0
2021,9,11,2021-10-20,1303,13,3,NS,2941,59521,,SWTH,97,U,,HY,P,,0,0,0,,6.8,30.4,0,0,0,0,0,0,0,0,0,0,0,0,0
2021,9,11,2021-10-21,1305,13,5,NS,2941,59522,35,SWTH,102,M,W,HY,PT,,0,0,0,,3.9,31.1,0,0,0,0,0,0,0,0,0,0,0,0,0
2021,9,12,2021-09-12,725,7,25,LM,2941,59523,31,SWTH,100,U,,HY,S,2,1,0,0,,3.7,30.5,0,0,0,0,0,0,0,0,0,0,0,0,0
2021,9,12,2021-09-12,730,7,30,LM,2941,59524,31,SWTH,98,U,,HY,S,2,0,0,0,,4.6,29,0,0,0,0,0,0,0,0,0,0,0,0,0
2021,9,12,2021-09-12,733,7,33,NS,2941,59525,31,SWTH,99,U,,HY,SP,3,0,0,0,,3.4,29.9,0,0,0,0,0,0,0,0,0,0,0,0,0
2021,9,12,2021-09-12,820,8,20,NS,2941,59526,32,SWTH,94,U,,AHY,S,6,1,0,0,,6.3,30,0,0,0,0,0,0,0,0,0,0,0,0,0
2021,9,12,2021-09-12,823,8,23,NS,2941,59527,34,SWTH,96,U,,HY,S,3,1,0,0,,5,29.3,0,0,0,0,0,0,0,0,0,0,0,0,0
2021,9,12,2021-09-12,826,8,26,NS,2941,59528,33,SWTH,103,M,W,AHY,S,6,1,0,0,,6.6,32.9,0,0,0,0,0,0,0,0,0,0,0,0,0
2021,9,12,2021-09-12,828,8,28,NS,2941,59529,32,SWTH,96,U,,AHY,S,6,0,0,0,,7,32.7,0,0,0,0,0,0,0,0,0,0,0,0,0
2021,9,12,2021-09-12,831,8,31,NS,2941,59530,32,SWTH,90,F,W,HY,S,2,0,0,0,,6.7,28,0,0,0,0,0,0,0,0,0,0,0,0,0
2021,9,12,2021-09-12,833,8,33,NS,2941,59531,32,SWTH,92,U,,HY,S,3,0,0,0,,5.1,28.6,1,0,0,0,0,0,1,0,0,0,0,1,0
2021,9,12,2021-09-12,849,8,49,NS,2941,59532,12,SWTH,98,U,,HY,P,9,1,0,0,,,30.9,0,0,0,0,0,0,0,0,0,0,0,0,0
2021,9,12,2021-09-12,851,8,51,NS,2941,59533,12,SWTH,94,U,,HY,S,3,1,0,0,,7.2,26.1,0,0,0,0,0,0,0,0,0,0,0,0,0
2021,9,12,2021-09-12,1002,10,2,NS,2941,59534,3,SWTH,100,U,,HY,S,3,1,0,0,,5.4,29.5,1,0,0,0,0,0,0,0,0,0,0,1,1
2021,9,12,2021-09-12,1004,10,4,NS,2941,59535,12,SWTH,99,U,,AHY,S,6,4,0,0,,,30.7,0,0,0,0,0,0,0,0,0,0,0,0,0
2021,9,12,2021-09-12,1006,10,6,NS,2941,59536,15,SWTH,102,M,W,HY,S,3,1,0,0,,8.1,29.9,0,0,0,0,0,0,0,0,0,0,0,0,0
2021,9,12,2021-09-12,1008,10,8,NS,2941,59537,31,SWTH,91,U,,HY,S,4,1,0,0,,5.5,29.1,0,0,0,0,0,0,0,0,0,0,0,0,0
2021,9,12,2021-09-12,1024,10,24,NS,2941,59538,0,SWTH,105,M,W,AHY,S,6,0,0,0,,,28.7,0,0,0,0,0,0,0,0,0,0,0,0,0
2021,9,12,2021-09-12,1025,10,25,NS,2941,59539,37,SWTH,102,M,W,AHY,S,6,0,1,0,,3.1,32.4,0,0,0,0,0,0,0,0,0,0,0,0,0
2021,9,12,2021-09-12,1028,10,28,NS,2941,59540,32,SWTH,93,U,,HY,S,4,0,0,0,,6.4,28.8,0,0,0,0,0,0,0,0,0,0,0,0,0
2021,9,12,2021-09-12,1129,11,29,JT,2941,59543,17,SWTH,99,U,,HY,S,4,1,2,0,,4.4,30,0,0,0,0,0,0,0,0,0,0,0,0,0
2021,9,12,2021-09-12,1133,11,33,JT,2941,59544,1,SWTH,102,M,W,HY,P,9,3,0,0,,4.9,28.6,0,0,0,0,0,0,0,0,0,0,0,0,0
2021,9,12,2021-09-12,1345,13,45,NS,2941,59545,1,SWTH,94,U,,HY,S,3,0,0,0,,6.4,27.7,0,0,0,0,0,0,0,0,0,0,0,0,0
2021,9,13,2021-09-13,815,8,15,LD,2941,59546,33,SWTH,93,U,,HY,S,2,1,1,0,,4.5,27.6,0,0,0,0,0,0,0,0,0,0,0,0,0
2021,9,13,2021-09-13,819,8,19,LD,2941,59547,33,SWTH,98,U,,AHY,P,6,2,0,0,,7,33.8,0,0,0,0,0,0,0,0,0,0,0,0,0
2021,9,13,2021-09-13,823,8,23,LD,2941,59548,33,SWTH,94,U,,HY,P,4,0,0,0,,1.7,29.5,1,0,0,0,0,0,0,0,1,0,0,0,0
2021,9,13,2021-09-13,831,8,31,LD,2941,59549,32,SWTH,100,U,,HY,S,4,0,0,0,,6,29.7,0,0,0,0,0,0,0,0,0,0,0,0,0
2021,9,13,2021-09-13,840,8,40,TD,2941,59550,33,SWTH,97,U,,U,,8,3,0,0,,9,31.8,0,0,0,0,0,0,0,0,0,0,0,0,0
2021,9,13,2021-09-13,847,8,47,TD,2941,59551,34,SWTH,101,M,W,HY,P,8,1,0,0,,8.3,30.2,0,0,0,0,0,0,0,0,0,0,0,0,0
2021,9,13,2021-09-13,848,8,48,TD,2941,59552,33,SWTH,95,U,,HY,P,1,0,0,0,,5.6,26.8,0,0,0,0,0,0,0,0,0,0,0,0,0
2021,9,13,2021-09-13,850,8,50,TD,2941,59553,32,SWTH,91,U,,HY,P,,,,,,,26.8,0,0,0,0,0,0,0,0,0,0,0,0,0
2021,9,13,2021-09-13,8:53,8,53,TD,2941,59554,33,SWTH,97,U,,U,,8,2,0,0,,7.3,30.2,0,0,0,0,0,0,0,0,0,0,0,0,0
2021,9,13,2021-09-13,856,8,56,TD,2941,59555,31,SWTH,100,U,,HY,S,3,1,1,0,,5.3,33.3,0,0,0,0,0,0,0,0,0,0,0,0,0
2021,9,13,2021-09-13,858,8,58,TD,2941,59556,35,SWTH,89,F,W,HY,P,3,0,0,0,,2.6,27.8,0,0,0,0,0,0,0,0,0,0,0,0,0
2021,9,13,2021-09-13,900,9,0,TD,2941,59557,34,SWTH,98,U,,HY,P,2,0,0,0,,7.2,28.1,1,1,0,0,1,0,1,0,0,0,0,0,0
2021,9,13,2021-09-13,921,9,21,LD,2941,59558,37,SWTH,96,U,,AHY,S,6,0,0,0,,7,31.7,0,0,0,0,0,0,0,0,0,0,0,0,0
2021,9,13,2021-09-13,1000,10,0,MH,2941,59559,33,SWTH,98,U,,HY,P,3,1,2,0,,5.7,32.9,0,0,0,0,0,0,0,0,0,0,0,0,0
2021,9,13,2021-09-13,1119,11,19,MH,2941,59560,37,SWTH,97,U,,HY,P,8,0,0,0,,5.7,31,1,0,0,1,0,1,0,0,0,0,0,0,0
2021,9,13,2021-09-13,1150,11,50,MH,2941,59561,12,SWTH,95,U,,U,P,1,0,2,0,,3.3,29,0,0,0,0,0,0,0,0,0,0,0,0,0
2021,9,14,2021-09-14,759,7,59,LD,2941,59564,32,SWTH,98,U,,HY,P,8,1,0,0,,7.1,29.1,0,0,0,0,0,0,0,0,0,0,0,0,0
2021,9,14,2021-09-14,802,8,2,LD,2941,59565,31,SWTH,96,U,,HY,P,8,0,0,0,,4.9,29.5,0,0,0,0,0,0,0,0,0,0,0,0,0
2021,9,14,2021-09-14,805,8,5,LD,2941,59566,31,SWTH,97,U,,HY,P,9,0,1,0,,4.2,29.1,0,0,0,0,0,0,0,0,0,0,0,0,0
2021,9,14,2021-09-14,807,8,7,LD,2941,59567,33,SWTH,98,U,,U,,8,1,0,0,,8.2,32.1,0,0,0,0,0,0,0,0,0,0,0,0,0
2021,9,14,2021-09-14,841,8,41,LD,2941,59568,1,SWTH,91,U,,HY,P,2,0,0,0,,4.5,27.2,0,0,0,0,0,0,0,0,0,0,0,0,0
2021,9,14,2021-09-14,843,8,43,LD,2941,59569,12,SWTH,100,U,,HY,S,3,0,0,0,,7.6,27.4,0,0,0,0,0,0,0,0,0,0,0,0,0
2021,9,14,2021-09-14,845,8,45,LD,2941,59570,15,SWTH,95,U,,HY,P,8,0,0,0,,6.3,28.1,0,0,0,0,0,0,0,0,0,0,0,0,0
2021,9,14,2021-09-14,848,8,48,LD,2941,59571,1,SWTH,101,M,W,U,,6,0,0,0,,8.5,30.8,1,0,0,0,0,0,1,0,1,0,0,0,0
2021,9,14,2021-09-14,853,8,53,LD,2941,59572,14,SWTH,97,U,,HY,P,3,1,0,0,,6.5,22,0,0,0,0,0,0,0,0,0,0,0,0,0
2021,9,14,2021-09-14,854,8,54,LD,2941,59573,14,SWTH,96,U,,HY,S,2,0,0,0,,5.7,26.5,0,0,0,0,0,0,0,0,0,0,0,0,0
2021,9,14,2021-09-14,857,8,57,LD,2941,59574,1,SWTH,94,U,,HY,S,2,0,0,0,,4.15,28.7,0,0,0,0,0,0,0,0,0,0,0,0,0
2021,9,14,2021-09-14,858,8,58,LD,2941,59575,14,SWTH,94,U,,HY,S,4,0,0,0,,6.8,27.6,0,0,0,0,0,0,0,0,0,0,0,0,0
2021,9,14,2021-09-14,900,9,0,LD,2941,59577,37,SWTH,94,U,,HY,S,2,0,0,0,,4,29.7,1,0,0,0,1,0,0,0,0,0,0,0,0
2021,9,14,2021-09-14,900,9,0,LD,2941,59576,14,SWTH,99,U,,U,,8,0,0,0,,10,30,0,0,0,0,0,0,0,0,0,0,0,0,0
2021,9,14,2021-09-14,902,9,2,LD,2941,59578,5,SWTH,98,U,,AHY,P,,0,0,0,,6.8,29.7,0,0,0,0,0,0,0,0,0,0,0,0,0
2021,9,14,2021-09-14,911,9,11,LD,2941,59580,34,SWTH,100,U,,HY,S,3,0,2,0,,7.9,29.6,0,0,0,0,0,0,0,0,0,0,0,0,0
2021,9,14,2021-09-14,915,9,15,LD,2941,59581,35,SWTH,93,U,,HY,P,2,0,0,0,,3.9,27.4,0,0,0,0,0,0,0,0,0,0,0,0,0
2021,9,14,2021-09-14,917,9,17,LD,2941,59582,35,SWTH,94,U,,HY,S,1,0,0,0,,6.9,28.8,0,0,0,0,0,0,0,0,0,0,0,0,0
2021,9,14,2021-09-14,918,9,18,LD,2941,59583,16,SWTH,97,U,,AHY,P,6,0,0,0,,5.9,29,0,0,0,0,0,0,0,0,0,0,0,0,0
2021,9,14,2021-09-14,920,9,20,LD,2941,59584,14,SWTH,91,U,,HY,S,2,1,2,0,,7.2,29.4,0,0,0,0,0,0,0,0,0,0,0,0,0
2021,9,14,2021-09-14,920,9,20,TD,2941,59585,37,GCTH,99,U,,AHY,S,6,1,0,0,,7.9,31.1,0,0,0,0,0,0,0,0,0,0,0,0,0
2021,9,14,2021-09-14,1014,10,14,DZ,2941,59586,12,SWTH,102,M,W,HY,P,3,0,0,0,,,30.7,0,0,0,0,0,0,0,0,0,0,0,0,0
2021,9,14,2021-09-14,1015,10,15,DZ,2941,59587,3,SWTH,93,U,,HY,S,2,0,0,0,,4.8,25.7,1,0,0,0,1,0,1,0,0,0,0,0,0
2021,9,14,2021-09-14,1022,10,22,HO,2941,59588,1,SWTH,92,U,,HY,P,2,0,0,0,,4,28,0,0,0,0,0,0,0,0,0,0,0,0,0
2021,9,14,2021-09-14,1027,10,27,HO,2941,59589,35,SWTH,,U,,AHY,S,6,1,0,0,,5.7,26.8,0,0,0,0,0,0,0,0,0,0,0,0,0
2021,9,14,2021-09-14,1029,10,29,HO,2941,59590,17,SWTH,102,M,W,AHY,S,6,2,0,0,,5.6,32.2,0,0,0,0,0,0,0,0,0,0,0,0,0
2021,9,14,2021-09-14,1034,10,34,HO,2941,59591,35,SWTH,93,U,,HY,S,2,0,0,0,,7.6,28.2,0,0,0,0,0,0,0,0,0,0,0,0,0
2021,9,14,2021-09-14,1103,11,3,TM,2941,59592,3,SWTH,90.5,F,W,HY,P,1,1,0,0,,6,31.5,0,0,0,0,0,0,0,0,0,0,0,0,0
2021,9,14,2021-09-14,1107,11,7,TM,2941,59593,35,SWTH,98,U,,HY,P,3,1,0,0,0,4.4,31.6,0,0,0,0,0,0,0,0,0,0,0,0,0
2021,9,14,2021-09-14,1119,11,19,HO,2941,59594,17,SWTH,97,U,,HY,S,3,1,1,0,,6.9,29.7,0,0,0,0,0,0,0,0,0,0,0,0,0
2021,9,14,2021-09-14,1246,12,46,HO,2941,59595,14,SWTH,100,U,,AHY,S,6,0,0,0,,6,30.6,0,0,0,0,0,0,0,0,0,0,0,0,0
2021,9,16,2021-09-16,916,9,16,EF,2941,59596,33,SWTH,102,M,W,HY,S,4,2,0,0,,5.8,34.1,0,0,0,0,0,0,0,0,0,0,0,0,0
2021,9,16,2021-09-16,920,9,20,EF,2941,59597,14,SWTH,98,U,,HY,S,4,0,0,0,,6.7,31,0,0,0,0,0,0,0,0,0,0,0,0,0
2021,9,16,2021-09-16,922,9,22,EF,2941,59598,33,SWTH,95,U,,HY,S,3,0,0,0,,4.6,28.7,0,0,0,0,0,0,0,0,0,0,0,0,0
2021,9,16,2021-09-16,926,9,26,EF,2941,59599,3,SWTH,92,U,,AHY,S,6,0,1,0,,5.6,27.3,0,0,0,0,0,0,0,0,0,0,0,0,0
2021,9,16,2021-09-16,928,9,28,EF,2941,59600,12,SWTH,98,U,,HY,S,4,1,0,0,,6.5,30.7,0,0,0,0,0,0,0,0,0,0,0,0,0
2021,9,16,2021-09-16,1027,10,27,EF,2941,59601,18,SWTH,95,U,,HY,S,3,0,0,0,,5,31.8,1,0,0,0,0,0,1,0,0,0,0,0,0
2021,9,16,2021-09-16,1031,10,31,EF,2941,59602,12,SWTH,99,U,,HY,S,2,2,0,0,,6.8,28.5,0,0,0,0,0,0,0,0,0,0,0,0,0
2021,9,16,2021-09-16,1327,13,27,TD,2941,59603,12,SWTH,95,U,,HY,P,2,0,0,0,,3.5,28.4,1,0,0,0,0,0,0,1,0,0,0,0,0
2021,9,17,2021-09-17,747,7,47,LD,2941,59604,12,SWTH,94,U,,HY,P,2,0,0,0,,5.2,28.7,0,0,0,0,0,0,0,0,0,0,0,0,0
2021,9,17,2021-09-17,751,7,51,LD,2941,59605,18,SWTH,95.5,U,,AHY,S,6,5,0,0,,9.7,38.2,0,0,0,0,0,0,0,0,0,0,0,0,0
2021,9,17,2021-09-17,805,8,5,LD,2941,59606,1,SWTH,93.5,U,,AHY,P,6,2,0,0,,9.1,29.5,0,0,0,0,0,0,0,0,0,0,0,0,0
2021,9,17,2021-09-17,811,8,11,LD,2891,66674,18,WOTH,105,U,,HY,P,8,0,0,0,,1.9,46.5,0,0,0,0,0,0,0,0,0,0,0,0,0
2021,9,17,2021-09-17,821,8,21,LD,2941,59607,1,SWTH,94,U,,HY,P,3,0,0,0,,3,27.4,1,1,0,0,0,0,0,0,0,0,0,0,0
2021,9,17,2021-09-17,824,8,24,LD,2941,59608,20,SWTH,98,U,,HY,P,2,1,0,0,,3.7,31.1,0,0,0,0,0,0,0,0,0,0,0,0,0
2021,9,17,2021-09-17,825,8,25,LD,2941,59609,16,SWTH,100,U,,AHY,P,6,3,0,0,,5.2,32.5,1,1,0,0,0,0,0,0,0,0,0,0,0
2021,9,17,2021-09-17,827,8,27,LD,2941,59610,12,SWTH,97,U,,AHY,P,6,4,0,0,,7.8,35.3,0,0,0,0,0,0,0,0,0,0,0,0,0
2021,9,17,2021-09-17,830,8,30,LD,2941,59611,14,SWTH,98,U,,HY,S,1,0,1,0,,8.5,31.2,0,0,0,0,0,0,0,0,0,0,0,0,0
2021,9,17,2021-09-17,839,8,39,LD,2941,59612,12,SWTH,98,U,,AHY,S,6,1,0,0,,6.7,28.6,0,0,0,0,0,0,0,0,0,0,0,0,0
2021,9,17,2021-09-17,842,8,42,LD,2941,59613,17,SWTH,103,M,W,AHY,S,6,2,0,0,,11,33.1,1,1,0,0,0,0,0,0,0,0,0,0,0
2021,9,17,2021-09-17,848,8,48,Kb,2941,59614,15,SWTH,96,U,,HY,P,3,0,2,0,,5.9,28.3,1,1,0,0,0,0,0,0,0,0,0,0,0
2021,9,17,2021-09-17,857,8,57,KB,2941,59616,17,SWTH,96,U,,U,,8,0,0,0,,6.3,29.2,1,1,0,0,1,1,0,0,0,0,0,0,0
2021,9,17,2021-09-17,900,9,0,KB,2941,59617,15,SWTH,90,F,W,HY,S,2,2,0,0,,4.2,29.9,0,0,0,0,0,0,0,0,0,0,0,0,0
2021,9,17,2021-09-17,905,9,5,KB,2941,59618,17,SWTH,93.5,U,,HY,P,,,,,,,,0,0,0,0,0,0,0,0,0,0,0,0,0
2021,9,17,2021-09-17,940,9,40,LD,2941,59619,1,GCTH,101,U,,AHY,P,6,2,0,0,,8.4,29.7,0,0,0,0,0,0,0,0,0,0,0,0,0
2021,9,17,2021-09-17,1004,10,4,LD,2941,59621,1,SWTH,100,U,,AHY,S,6,3,0,0,,9.2,31.7,0,0,0,0,0,0,0,0,0,0,0,0,0
2021,9,17,2021-09-17,1016,10,16,LD,2941,59620,1,SWTH,99,U,,HY,S,2,0,0,0,,4.6,31,1,1,0,0,0,0,0,0,0,0,0,0,0
2021,9,17,2021-09-17,1024,10,24,LD,2941,59622,3,SWTH,94,U,,AHY,P,6,0,0,0,,5.3,28.8,0,0,0,0,0,0,0,0,0,0,0,0,0
2021,9,17,2021-09-17,1025,10,25,LD,2941,59623,3,SWTH,92,F,W,U,,8,2,2,0,,4.2,28.2,0,0,0,0,0,0,0,0,0,0,0,0,0
2021,9,17,2021-09-17,1037,10,37,LD,2941,59624,3,SWTH,94,U,,HY,S,3,0,0,0,,3,29.7,0,0,0,0,0,0,0,0,0,0,0,0,0
2021,9,18,2021-09-18,745,7,45,MH,2941,59625,14,SWTH,93,U,,HY,,8,0,0,0,,5.9,26.7,0,0,0,0,0,0,0,0,0,0,0,0,0
2021,9,18,2021-09-18,745,7,45,MH,2941,59626,15,SWTH,101,M,W,AHY,P,6,0,0,0,,7.2 R,32.8,0,0,0,0,0,0,0,0,0,0,0,0,0
2021,9,18,2021-09-18,847,8,47,SC,2941,59627,17,SWTH,94,U,,HY,S,3,0,1,0,,6.5 P,28.7,0,0,0,0,0,0,0,0,0,0,0,0,0
2021,9,18,2021-09-18,851,8,51,SC,2941,59628,15,SWTH,95,U,,HY,S,3,1,2,0,,6.4 P,29.4,1,1,0,0,0,0,0,0,0,0,0,0,0
2021,9,18,2021-09-18,926,9,26,SC,2941,59629,,SWTH,97.5,U,,HY,P,8,1,0,0,,4.5 R,30.5,0,0,0,0,0,0,0,0,0,0,0,0,0
2021,9,18,2021-09-18,929,9,29,SC,2941,59630,0,SWTH,101,M,W,AHY,S,6,0,2,0,,9.0 P,28.3,0,0,0,0,0,0,0,0,0,0,0,0,0
2021,9,18,2021-09-18,933,9,33,SC,2941,59631,3,SWTH,96,U,,HY,S,2,0,0,0,,6.0 R,29.4,0,0,0,0,0,0,0,0,0,0,0,0,0
2021,9,18,2021-09-18,934,9,34,SC,2941,59632,4,SWTH,94,U,,HY,S,3,2,0,0,,5.1 P,28.3,1,1,0,0,0,0,0,0,0,0,0,0,0
2021,9,18,2021-09-18,936,9,36,SC,2941,59633,3,SWTH,96,U,,U,S,6,1,0,0,,10.2 P,30.3,1,1,0,0,0,0,0,0,0,0,0,0,0
2021,9,18,2021-09-18,939,9,39,SC,2891,66676,17,WOTH,100,U,,HY,P,8,3,0,0,,6.3 R,52.6,0,0,0,0,0,0,0,0,0,0,0,0,0
2021,9,18,2021-09-18,946,9,46,SC,2941,59634,8,SWTH,98,U,,HY,P,9,0,0,0,,6.6 P,29.7,0,0,0,0,0,0,0,0,0,0,0,0,0
2021,9,18,2021-09-18,949,9,49,SC,2941,59635,5,SWTH,94,U,,HY,S,3,2,0,0,,6.6 P,28.5,0,0,0,0,0,0,0,0,0,0,0,0,0
2021,9,18,2021-09-18,1021,10,21,MH,2941,59636,18,GCTH,100,U,,HY,P,8,0,0,0,,5.2 P,27.6,0,0,0,0,0,0,0,0,0,0,0,0,0
2021,9,18,2021-09-18,1048,10,48,SRC,2941,59638,5,SWTH,95,U,,HY,P,8,0,2,0,,4.8 P,30.7,0,0,0,0,0,0,0,0,0,0,0,0,0
2021,9,18,2021-09-18,1131,11,31,SRC,2941,59639,33,SWTH,97,U,,HY,P,8,1,0,0,,,31,0,0,0,0,0,0,0,0,0,0,0,0,0
2021,9,18,2021-09-18,1149,11,49,SRC,2941,59640,34,SWTH,95,U,,HY,P,3,0,2,0,,2.1 R,27.9,1,0,0,0,1,0,0,0,0,0,0,0,0
2021,9,18,2021-09-18,1214,12,14,SC,2941,59641,20,SWTH,102,M,W,U,,8,1,0,0,,6.3 P,30.3,0,0,0,0,0,0,0,0,0,0,0,0,0
2021,9,18,2021-09-18,1327,13,27,MH,2941,59642,31,SWTH,97,U,,AHY,P,8,0,0,0,,6.6 P,31.2,0,0,0,0,0,0,0,0,0,0,0,0,0
2021,9,19,2021-09-19,808,8,8,SC,2941,59643,17,SWTH,98,U,,AHY,S,6,1,0,0,,7.1,31.8,0,0,0,0,0,0,0,0,0,0,0,0,0
2021,9,19,2021-09-19,811,8,11,SC,2941,59644,1,SWTH,97,U,,HY,S,4,1,0,0,,5.0 P ,28.9,1,0,1,0,0,0,0,0,0,0,0,0,0
2021,9,19,2021-09-19,816,8,16,SC,2941,59646,8,SWTH,95,U,,HY,P,5,0,0,0,,1.8 P,28.3,0,0,0,0,0,0,0,0,0,0,0,0,0
2021,9,19,2021-09-19,819,8,19,SC,2941,59647,5,SWTH,100,U,,HY,S,4,1,0,0,,7.8 P,30.5,0,0,0,0,0,0,0,0,0,0,0,0,0
2021,9,19,2021-09-19,822,8,22,SC,2941,59648,14,SWTH,91,U,,HY,S,4,2,0,0,,2.5,28.4,0,0,0,0,0,0,0,0,0,0,0,0,0
2021,9,19,2021-09-19,824,8,24,SC,2941,59649,20,SWTH,98,U,,AHY,S,6,1,0,0,,,33.2,0,0,0,0,0,0,0,0,0,0,0,0,0
2021,9,19,2021-09-19,826,8,26,SC,2941,59651,12,SWTH,97,U,,HY,S,3,1,1,0,,3,28.9,0,0,0,0,0,0,0,0,0,0,0,0,0
2021,9,19,2021-09-19,829,8,29,SC,2891,66677,32,WOTH,99,F,W,HY,P,9,0,0,0,,,44.6,0,0,0,0,0,0,0,0,0,0,0,0,0
2021,9,19,2021-09-19,832,8,32,SC,2891,66678,14,WOTH,105,U,,HY,P,9,0,0,0,,,51.4,1,0,0,0,0,0,0,0,1,0,0,0,0
2021,9,19,2021-09-19,836,8,36,SC,2891,66679,17,WOTH,102,U,,HY,P,9,0,0,0,,,45.7,1,1,0,0,0,0,0,0,0,0,0,0,0
2021,9,19,2021-09-19,849,8,49,N.S,2941,59652,32,SWTH,99,U,,HY,S,4,0,0,0,,6.1,28,0,0,0,0,0,0,0,0,0,0,0,0,0
2021,9,19,2021-09-19,851,8,51,N.S,2491,59653,1,SWTH,98,U,,HY,S,3,0,1,0,,7.7,31,0,0,0,0,0,0,0,0,0,0,0,0,0
2021,9,19,2021-09-19,900,9,0,NS,2491,59654,32,SWTH,95,U,,HY,S,4,1,0,0,,3.9,28.9,0,0,0,0,0,0,0,0,0,0,0,0,0
2021,9,19,2021-09-19,905,9,5,NS,2491,59655,3,SWTH,99,U,,HY,S,3,0,2,1,,6.7,28.4,0,0,0,0,0,0,0,0,0,0,0,0,0
2021,9,19,2021-09-19,906,9,6,NS,2491,59656,18,SWTH,95,U,,AHY,S,6,0,0,0,,4.4,27.1,0,0,0,0,0,0,0,0,0,0,0,0,0
2021,9,19,2021-09-19,909,9,9,NS,2491,59657,14,SWTH,98,U,,HY,S,4,1,0,0,,6.7,28.7,1,1,0,0,0,0,0,0,0,0,0,0,0
2021,9,19,2021-09-19,912,9,12,NS,2491,59658,1,SWTH,101,M,W,AHY,S,6,0,0,0,,5.8,32.4,0,0,0,0,0,0,0,0,0,0,0,0,0
2021,9,19,2021-09-19,914,9,14,NS,2491,59659,15,GCTH,111,M,W,AHY,S,6,2,0,0,,13,30.1,1,0,0,0,1,0,0,0,0,0,0,0,0
2021,9,19,2021-09-19,926,9,26,NS,2491,59660,32,SWTH,96,U,,HY,S,4,3,0,0,,5.2,29.7,1,1,0,0,0,0,0,0,0,0,0,0,0
2021,9,19,2021-09-19,935,9,35,NS,2491,59661,13,SWTH,106,M,W,HY,P,9,2,0,0,,7.2,32.6,0,0,0,0,0,0,0,0,0,0,0,0,0
2021,9,19,2021-09-19,940,9,40,NS,2491,59662,8,SWTH,95,U,,HY,S,4,1,0,0,,5.1,29.2,0,0,0,0,0,0,0,0,0,0,0,0,0
2021,9,19,2021-09-19,944,9,44,NS,2891,66680,37,WOTH,100,U,,HY,P,9,0,0,1,,,46.6,0,0,0,0,0,0,0,0,0,0,0,0,0
2021,9,19,2021-09-19,945,9,45,NS,2491,59663,33,SWTH,96,U,,HY,P,9,0,1,0,,5.8,31.6,0,0,0,0,0,0,0,0,0,0,0,0,0
2021,9,19,2021-09-19,948,9,48,NS,2491,59664,35,SWTH,101,M,W,HY,S,4,0,0,0,,3.9,33.9,1,1,0,0,1,0,0,0,0,0,0,0,0
2021,9,19,2021-09-19,955,9,55,TD,2491,59665,33,SWTH,104,M,W,AHY,S,6,1,0,0,,5.5,35.4,1,1,0,0,0,0,0,0,0,0,0,0,0
2021,9,19,2021-09-19,1000,10,0,TD,2491,59666,35,SWTH,90,F,W,HY,P,9,0,0,0,,4.4,29.2,0,0,0,0,0,0,0,0,0,0,0,0,0
2021,9,19,2021-09-19,1015,10,15,TD,2491,59667,16,SWTH,96,U,,HY,S,3,2,0,0,,,30.7,0,0,0,0,0,0,0,0,0,0,0,0,0
2021,9,19,2021-09-19,1018,10,18,TD,2491,59668,8,SWTH,96,U,,AHY,S,6,1,0,0,,9.1,34,0,0,0,0,0,0,0,0,0,0,0,0,0
2021,9,19,2021-09-19,1024,10,24,TD,2491,59669,20,SWTH,98,U,,AHY,S,6,2,0,0,,3.9,27.5,1,1,0,0,0,0,0,0,0,0,0,1,0
2021,9,19,2021-09-19,1047,10,47,TD,2891,66681,34,WOTH,106,U,,HY,P,9,1,0,0,,,56.6,0,0,0,0,0,0,0,0,0,0,0,0,0
2021,9,19,2021-09-19,1056,10,56,TD,2491,59671,31,SWTH,100,U,,AHY,S,6,2,0,0,,2.9,35.4,0,0,0,0,0,0,0,0,0,0,0,0,0
2021,9,19,2021-09-19,1100,11,0,TD,2491,59672,31,SWTH,99,U,,AHY,S,6,2,0,0,,3.4,31.6,0,0,0,0,0,0,0,0,0,0,0,0,0
2021,9,19,2021-09-19,1102,11,2,TD,2491,59673,34,SWTH,95,U,,AHY,S,6,1,0,0,,3.2,33.3,0,0,0,0,0,0,0,0,0,0,0,0,0
2021,9,19,2021-09-19,1105,11,5,TD,2491,59674,32,SWTH,96,U,,HY,S,4,1,0,0,,5.1,32.6,1,1,0,0,1,0,0,0,0,0,0,0,0
2021,9,19,2021-09-19,1110,11,10,TD,2491,59675,32,SWTH,92,U,,HY,S,4,0,0,0,,,26.8,0,0,0,0,0,0,0,0,0,0,0,0,0
2021,9,19,2021-09-19,1212,12,12,SC,2491,59676,37,SWTH,96,U,,HY,S,4,2,0,0,,6,30.4,1,1,0,0,0,0,0,0,0,0,0,0,0
2021,9,19,2021-09-19,1215,12,15,SC,2491,59677,37,SWTH,95,U,,HY,S,4,0,0,0,,5.7,30.4,0,0,0,0,0,0,0,0,0,0,0,0,0
2021,9,19,2021-09-19,1225,12,25,SC,2491,59678,35,SWTH,93,U,,HY,P,8,0,0,0,,5,25.9,0,0,0,0,0,0,0,0,0,0,0,0,0
2021,9,19,2021-09-19,1231,12,31,SC,2491,59679,35,SWTH,91,F,W,HY,P,8,1,0,0,,6.5 P,30,0,0,0,0,0,0,0,0,0,0,0,0,0
2021,9,19,2021-09-19,1235,12,35,SC,2941,59680,35,SWTH,103,M,W,AHY,S,6,3,0,0,,11.5,37.3,0,0,0,0,0,0,0,0,0,0,0,0,0
2021,9,19,2021-09-19,1311,13,11,SC,2941,29682,32,SWTH,97,U,,HY,S,3,1,0,0,,5.2,29.9,0,0,0,0,0,0,0,0,0,0,0,0,0
2021,9,20,2021-09-20,932,9,32,TM,2891,66682,17,WOTH,103,U,,HY,P,8,0,0,0,,7.7R,48.6,0,0,0,0,0,0,0,0,0,0,0,0,0
2021,9,24,2021-09-24,855,8,55,JM,2941,59683,18,SWTH,99,U,W,HY,P,4,1,0,0,,4,31,0,0,0,0,0,0,0,0,0,0,0,0,0
2021,9,24,2021-09-24,922,9,22,JM,2891,66683,1,WOTH,106,M,W,HY,P,4,1,0,0,,3.4,48.7,1,1,0,0,0,0,0,0,0,0,0,0,0
2021,9,24,2021-09-24,927,9,27,JM,2941,59684,8,SWTH,101,M,W,HY,P,8,0,0,0,,2.2,29.9,1,1,0,0,0,0,0,0,0,0,0,0,0
2021,9,24,2021-09-24,953,9,53,JM,2891,66684,34,WOTH,107,M,W,HY,BT,9,0,0,0,,,48.7,0,0,0,0,0,0,0,0,0,0,0,0,0
2021,9,24,2021-09-24,1029,10,29,JM,2941,59685,34,SWTH,98,U,,HY,BT,5,3,0,0,,3.9,32.5,0,0,0,0,0,0,0,0,0,0,0,0,0
2021,9,24,2021-09-24,1033,10,33,JM,2941,59686,20,SWTH,93,U,,HY,BT,4,2,0,0,,2.9,31.1,0,0,0,0,0,0,0,0,0,0,0,0,0
2021,9,24,2021-09-24,1045,10,45,JM,2941,59687,33,SWTH,101,M,W,HY,BT,8,2,2,0,,3,31.5,0,0,0,0,0,0,0,0,0,0,0,0,0
2021,9,24,2021-09-24,1129,11,29,JM,2891,66685,4,WOTH,104,U,,HY,BT,8,1,0,0,,,52.6,0,0,0,0,0,0,0,0,0,0,0,0,0
2021,9,24,2021-09-24,1246,12,46,JM,2941,59688,32,SWTH,94,U,,HY,BT,4,1,0,0,,2.4,28.5,0,0,0,0,0,0,0,0,0,0,0,0,0
2021,9,25,2021-09-25,809,8,9,EF,2941,59689,15,SWTH,94,U,,HY,S,1,0,0,0,,,29.2,0,0,0,0,0,0,0,0,0,0,0,0,0
2021,9,25,2021-09-25,817,8,17,EF,2941,59690,3,SWTH,96,U,,HY,S,2,2,0,0,,,31.1,0,0,0,0,0,0,0,0,0,0,0,0,0
2021,9,25,2021-09-25,818,8,18,EF,2941,59691,12,SWTH,95,U,,HY,S,3,2,0,0,,,30.6,0,0,0,0,0,0,0,0,0,0,0,0,0
2021,9,25,2021-09-25,842,8,42,EF,2941,59692,18,SWTH,95,U,,HY,BT,1,0,0,0,,,28.3,0,0,0,0,0,0,0,0,0,0,0,0,0
2021,9,25,2021-09-25,844,8,44,EF,2941,59693,5,SWTH,97,U,,HY,BT,2,0,0,0,,3.3,31.3,0,0,0,0,0,0,0,0,0,0,0,0,0
2021,9,25,2021-09-25,848,8,48,EF,2891,66686,15,WOTH,111,U,,HY,BT,1,0,0,0,,,51,0,0,0,0,0,0,0,0,0,0,0,0,0
2021,9,25,2021-09-25,918,9,18,EF,2891,66687,33,WOTH,102,U,,HY,P,8,0,0,0,,,43.7,1,1,0,0,0,0,0,0,0,0,0,0,0
2021,9,25,2021-09-25,927,9,27,EF,2941,59694,34,SWTH,95,U,,HY,S,2,1,0,0,,2.2,31.4,1,1,0,0,0,0,0,0,0,0,0,0,0
2021,9,25,2021-09-25,927,9,27,EF,2941,59695,34,GCTH,102,U,,HY,S,1,0,0,0,,,35.7,0,0,0,0,0,0,0,0,0,0,0,0,0
2021,9,25,2021-09-25,932,9,32,EF,2941,59696,34,SWTH,100,U,,HY,S,2,3,0,0,,6.6,36.8,0,0,0,0,0,0,0,0,0,0,0,0,0
2021,9,25,2021-09-25,934,9,34,EF,2941,59697,35,SWTH,90,F,W,HY,BT,8,0,2,0,,4.5,29.7,1,1,0,0,0,0,0,0,0,0,0,0,0
2021,9,25,2021-09-25,935,9,35,EF,2941,59698,36,SWTH,97,U,,HY,S,2,0,0,0,,5.4,31.5,1,1,0,0,0,0,0,0,0,0,0,0,0
2021,9,25,2021-09-25,938,9,38,EF,2941,59699,35,SWTH,96,U,,HY,S,2,1,0,0,,1.7,31.6,1,1,0,0,0,0,0,0,0,0,0,0,0
2021,9,25,2021-09-25,949,9,49,EF,2941,59700,15,SWTH,91,F,W,HY,S,2,0,0,0,,,29.6,0,0,0,0,0,0,0,0,0,0,0,0,0
2021,9,25,2021-09-25,957,9,57,EF,2941,59801,32,SWTH,93,U,,HY,BT,2,0,0,0,,3.9,29.9,0,0,0,0,0,0,0,0,0,0,0,0,0
2021,9,25,2021-09-25,1022,10,22,CP,2941,59802,16,SWTH,95,U,,HY,S,2,2,0,0,,3.6,31.3,0,0,0,0,0,0,0,0,0,0,0,0,0
2021,9,25,2021-09-25,1039,10,39,CP,2941,59803,12,SWTH,94,U,,HY,S,1,1,0,0,,3.5,31.1,0,0,0,0,0,0,0,0,0,0,0,0,0
2021,9,25,2021-09-25,1153,11,53,YL,2941,59805,37,SWTH,93,U,,HY,S,2,1,0,0,,,29.6,0,0,0,0,0,0,0,0,0,0,0,0,0
2021,9,25,2021-09-25,1154,11,54,YL,2941,59806,12,SWTH,103,M,W,HY,S,3,0,0,0,,3.6,30.5,0,0,0,0,0,0,0,0,0,0,0,0,0
2021,9,25,2021-09-25,1157,11,57,YL,2941,59807,5,SWTH,98,U,,HY,S,1,1,0,0,,6.7,28.1,0,0,0,0,0,0,0,0,0,0,0,0,0
2021,9,25,2021-09-25,1225,12,25,EF,2941,59809,33,SWTH,99,U,,HY,S,2,1,0,0,,7,30.8,1,0,0,0,0,0,0,0,0,1,0,0,0
2021,9,25,2021-09-25,1250,12,50,EF,2941,59810,14,SWTH,98,U,,HY,S,1,0,1,0,,5,33,0,0,0,0,0,0,0,0,0,0,0,0,0
2021,9,25,2021-09-25,1253,12,53,EF,2941,59811,34,SWTH,98,U,,HY,S,2,2,3,0,,,30.8,0,0,0,0,0,0,0,0,0,0,0,0,0
2021,9,25,2021-09-25,1339,13,39,JM,2941,59812,15,SWTH,99,U,,HY,BT,8,1,0,0,,,34,0,0,0,0,0,0,0,0,0,0,0,0,0
2021,9,26,2021-09-26,810,8,10,NS,2941,59814,17,SWTH,96,U,,HY,S,4,0,0,0,,5.7,28.8,1,0,0,0,1,0,0,0,0,0,0,0,0
2021,9,26,2021-09-26,813,8,13,NS,2941,59815,17,SWTH,93,U,,AHY,S,6,3,0,0,,4.7,31,0,0,0,0,0,0,0,0,0,0,0,0,0
2021,9,26,2021-09-26,815,8,15,NS,2941,59816,14,SWTH,94,U,,HY,P,9,3,0,0,,2.9,33.5,0,0,0,0,0,0,0,0,0,0,0,0,0
2021,9,26,2021-09-26,819,8,19,NS,2941,59817,16,SWTH,93,U,,HY,S,5,0,0,0,,8.4,28.7,0,0,0,0,0,0,0,0,0,0,0,0,0
2021,9,26,2021-09-26,828,8,28,NS,2941,59818,16,SWTH,99,U,,AHY,P,6,3,0,0,,,30.8,0,0,0,0,0,0,0,0,0,0,0,0,0
2021,9,26,2021-09-26,833,8,33,NS,2891,66690,0,WOTH,107,M,W,HY,P,4,2,1,0,,,50.7,0,0,0,0,0,0,0,0,0,0,0,0,0
2021,9,26,2021-09-26,902,9,2,NS,2941,59819,12,SWTH,95,U,,HY,S,3,1,0,0,,2.8,30.5,0,0,0,0,0,0,0,0,0,0,0,0,0
2021,9,26,2021-09-26,923,9,23,NS,2891,66691,3,WOTH,106,U,,HY,P,5,1,0,0,,,49.3,0,0,0,0,0,0,0,0,0,0,0,0,0
2021,9,26,2021-09-26,1116,11,16,NS,2941,59820,3,SWTH,96,U,,HY,S,5,3,0,0,,4.9,28.8,0,0,0,0,0,0,0,0,0,0,0,0,0
2021,9,28,2021-09-28,810,8,10,TL,2941,59822,31,SWTH,96,U,,HY,P,2,1,2,0,,4.9,,0,0,0,0,0,0,0,0,0,0,0,0,0
2021,9,28,2021-09-28,815,8,15,TL,2941,59823,33,SWTH,95,U,,HY,P,3,2,0,0,,1,28.6,0,0,0,0,0,0,0,0,0,0,0,0,0
2021,9,28,2021-09-28,818,8,18,TL,2891,66692,12,WOTH,106,U,,HY,P,8,0,0,0,,3.7,46.8,0,0,0,0,0,0,0,0,0,0,0,0,0
2021,9,28,2021-09-28,835,8,35,TL,2941,59824,32,SWTH,98,U,,HY,P,9,0,0,0,,,31.2,0,0,0,0,0,0,0,0,0,0,0,0,0
2021,9,28,2021-09-28,838,8,38,TL,2941,59825,31,SWTH,98,U,,HY,S,3,2,1,0,,6.3,32.6,0,0,0,0,0,0,0,0,0,0,0,0,0
2021,9,28,2021-09-28,840,8,40,TL,2941,59826,32,SWTH,95,U,,HY,P,3,1,0,0,,,29.7,0,0,0,0,0,0,0,0,0,0,0,0,0
2021,9,28,2021-09-28,842,8,42,TL,2941,59827,31,SWTH,97,U,,HY,P,9,0,0,0,,,,0,0,0,0,0,0,0,0,0,0,0,0,0
2021,9,28,2021-09-28,844,8,44,TL,2941,59828,32,SWTH,96,U,,HY,S,1,1,0,0,,9.4,30.6,0,0,0,0,0,0,0,0,0,0,0,0,0
2021,9,28,2021-09-28,901,9,1,TL,2941,59829,17,SWTH,98,U,,HY,P,2,0,0,0,,8.2,28.8,0,0,0,0,0,0,0,0,0,0,0,0,0
2021,9,28,2021-09-28,903,9,3,TL,2941,59830,32,SWTH,95,U,,HY,P,2,0,0,0,,,30.4,0,0,0,0,0,0,0,0,0,0,0,0,0
2021,9,28,2021-09-28,905,9,5,TL,2941,59831,32,SWTH,96.5,U,,HY,P,8,1,0,0,,9.2,32.4,0,0,0,0,0,0,0,0,0,0,0,0,0
2021,9,28,2021-09-28,908,9,8,TL,2941,59832,17,SWTH,100.5,M,W,HY,P,3,1,0,A,,6.1,34.3,0,0,0,0,0,0,0,0,0,0,0,0,0
2021,9,28,2021-09-28,913,9,13,SM,2941,59833,31,SWTH,99,U,,HY,P,8,2,0,0,,6.1,33.3,0,0,0,0,0,0,0,0,0,0,0,0,0
2021,9,28,2021-09-28,916,9,16,SM,2941,59834,32,SWTH,97,U,,HY,P,3,2,0,0,,3.4,34.9,0,0,0,0,0,0,0,0,0,0,0,0,0
2021,9,28,2021-09-28,920,9,20,SM,2941,59835,17,SWTH,97,U,,HY,P,8,2,0,0,,4.4,33.7,0,0,0,0,0,0,0,0,0,0,0,0,0
2021,9,28,2021-09-28,922,9,22,SM,2941,59836,33,SWTH,93,U,,HY,P,4,0,0,0,,4.8,29.1,0,0,0,0,0,0,0,0,0,0,0,0,0
2021,9,28,2021-09-28,932,9,32,SM,2941,59837,18,SWTH,99,U,,HY,S,3,3,0,0,,5.1,32.5,0,0,0,0,0,0,0,0,0,0,0,0,0
2021,9,28,2021-09-28,933,9,33,SM,2941,59838,12,GCTH,101,U,,HY,P,3,2,0,0,,6.2,32.6,0,0,0,0,0,0,0,0,0,0,0,0,0
2021,9,28,2021-09-28,936,9,36,SM,2941,59839,12,SWTH,97,U,,HY,S,3,0,0,0,,4.3,29.5,0,0,0,0,0,0,0,0,0,0,0,0,0
2021,9,28,2021-09-28,939,9,39,SM,2941,59840,34,SWTH,98,U,,HY,P,8,0,0,0,,6.8,30.8,0,0,0,0,0,0,0,0,0,0,0,0,0
2021,9,28,2021-09-28,941,9,41,SM,2941,59841,15,SWTH,93,U,,HY,S,3,0,0,0,,6.1,28.5,1,1,0,0,0,0,0,0,0,0,0,0,0
2021,9,28,2021-09-28,947,9,47,SM,2941,59842,18,SWTH,94,U,,U,,6,2,3,0,,9,30.6,1,1,0,0,0,0,0,0,0,0,0,0,0
2021,9,28,2021-09-28,949,9,49,SM,2941,59843,18,SWTH,99,U,,HY,P,1,0,0,0,,5.7,26.6,1,1,0,0,0,0,0,0,0,1,0,0,0
2021,9,28,2021-09-28,952,9,52,SM,2891,66693,12,WOTH,106,U,,HY,P,8,0,0,0,,,49.3,0,0,0,0,0,0,0,0,0,0,0,0,0
2021,9,28,2021-09-28,957,9,57,SM,2891,66694,12,WOTH,105,U,,HY,P,9,2,2,0,,,55.1,0,0,0,0,0,0,0,0,0,0,0,0,0
2021,9,28,2021-09-28,1016,10,16,SM,2941,59844,35,SWTH,98,U,,HY,P,8,0,0,0,,4.3,30.6,0,0,0,0,0,0,0,0,0,0,0,0,0
2021,9,28,2021-09-28,1028,10,28,TL,2941,59845,34,SWTH,96,U,,HY,S,3,2,0,0,,6.4,31,0,0,0,0,0,0,0,0,0,0,0,0,0
2021,9,28,2021-09-28,1042,10,42,TL,2941,59846,31,SWTH,94,U,,HY,P,3,0,0,0,,6.4,28.9,1,1,0,0,0,0,0,0,0,0,0,0,0
2021,9,28,2021-09-28,1046,10,46,TL,2941,59847,0,SWTH,99,U,,HY,P,3,0,0,0,,6.8,31.9,0,0,0,0,0,0,0,0,0,0,0,0,0
2021,9,28,2021-09-28,1101,11,1,SM,2941,59848,37,SWTH,95,U,,HY,S,3,2,0,0,,4.3,31.8,0,0,0,0,0,0,0,0,0,0,0,0,0
2021,9,28,2021-09-28,1103,11,3,SM,2941,59849,35,SWTH,98,U,,HY,P,8,0,0,0,,6.6,29.3,0,0,0,0,0,0,0,0,0,0,0,0,0
2021,9,28,2021-09-28,1107,11,7,SM,2941,59850,15,SWTH,101,M,W,HY,S,4,1,0,0,,9.1,32.2,0,0,0,0,0,0,0,0,0,0,0,0,0
2021,9,28,2021-09-28,1115,11,15,SM,2941,59851,31,SWTH,97,U,,HY,S,3,3,0,0,,4.9,31.6,0,0,0,0,0,0,0,0,0,0,0,0,0
2021,9,28,2021-09-28,1117,11,17,SM,2941,59852,12,SWTH,98,U,,HY,P,3,1,1,0,,8.2,31.6,0,0,0,0,0,0,0,0,0,0,0,0,0
2021,9,28,2021-09-28,1118,11,18,SM,2941,59858,37,SWTH,99,U,,AHY,P,8,0,0,0,,4.5,31.5,0,0,0,0,0,0,0,0,0,0,0,0,0
2021,9,28,2021-09-28,1120,11,20,SM,2941,59853,4,SWTH,95,U,,HY,P,8,0,0,0,,,30.1,1,1,0,0,0,0,0,0,0,0,0,0,0
2021,9,28,2021-09-28,1228,12,28,SM,2941,59855,37,SWTH,93,U,,U,,8,2,0,0,,2.7,31.1,0,0,0,0,0,0,0,0,0,0,0,0,0
2021,9,28,2021-09-28,1252,12,52,SM,2941,59856,36,SWTH,94,U,,HY,P,8,0,0,0,,2.7,28.3,0,0,0,0,0,0,0,0,0,0,0,0,0
2021,9,29,2021-09-29,959,9,59,ML,2891,66696,8,WOTH,102,U,,HY,P,8,0,0,0,,5.5,45.3,0,0,0,0,0,0,0,0,0,0,0,0,0
2021,9,29,2021-09-29,1032,10,32,ML,2941,59859,0,SWTH,97,U,,HY,P,8,0,0,0,,7,32.3,0,0,0,0,0,0,0,0,0,0,0,0,0
2021,9,29,2021-09-29,1050,10,50,ML,2941,59860,15,SWTH,95,U,,HY,S,4,3,0,0,,6.9,34.7,0,0,0,0,0,0,0,0,0,0,0,0,0
2021,9,29,2021-09-29,1052,10,52,ML,2941,59861,16,SWTH,96,U,,HY,P,3,3,0,0,,7,31.3,0,0,0,0,0,0,0,0,0,0,0,0,0
2021,9,29,2021-09-29,1055,10,55,ML,2941,59862,5,SWTH,99,U,,HY,P,3,1,0,0,,8,31.8,0,0,0,0,0,0,0,0,0,0,0,0,0
2021,9,29,2021-09-29,1138,11,38,TM,2891,66698,15,WOTH,110,U,,HY,P,8,1,0,0,,5.4,50.9,1,1,0,0,0,0,0,0,0,0,0,0,0
2021,9,29,2021-09-29,1157,11,57,TM,2941,59863,16,SWTH,92,U,,U,,8,0,3,0,,3.1,29.3,0,0,0,0,0,0,0,0,0,0,0,0,0
2021,9,29,2021-09-29,1238,12,38,ML,2941,59864,1,SWTH,92,U,,HY,P,8,0,0,0,,6.1,29.8,0,0,0,0,0,0,0,0,0,0,0,0,0
2021,9,30,2021-09-30,745,7,45,TL,2941,59865,12,SWTH,92,U,,HY,S,4,1,0,0,,3.6,30.5,0,0,0,0,0,0,0,0,0,0,0,0,0
2021,9,30,2021-09-30,834,8,34,NS,2941,59867,20,SWTH,99,U,,HY,S,5,1,0,0,,3.6,32.4,0,0,0,0,0,0,0,0,0,0,0,0,0
2021,9,30,2021-09-30,838,8,38,NS,2941,59868,14,SWTH,96,U,,HY,S,4,2,0,0,,5.9,33.3,0,0,0,0,0,0,0,0,0,0,0,0,0
2021,9,30,2021-09-30,839,8,39,NS,2941,59869,14,SWTH,99,U,,HY,S,5,3,0,0,,7.4,33,0,0,0,0,0,0,0,0,0,0,0,0,0
2021,9,30,2021-09-30,840,8,40,NS,2941,59870,18,SWTH,96,U,,AHY,S,6,2,0,0,,4.6,31,0,0,0,0,0,0,0,0,0,0,0,0,0
2021,9,30,2021-09-30,842,8,42,NS,2941,59871,20,SWTH,97,U,,HY,S,4,2,0,0,,6.3,31.5,0,0,0,0,0,0,0,0,0,0,0,0,0
2021,9,30,2021-09-30,844,8,44,NS,2941,59872,15,SWTH,96,U,,HY,P,5,1,0,0,,7.7,34.1,0,0,0,0,0,0,0,0,0,0,0,0,0
2021,9,30,2021-09-30,846,8,46,NS,2941,59873,4,SWTH,100,U,,AHY,P,6,1,0,0,,,37.2,1,1,0,0,0,0,0,0,0,0,0,0,0
2021,9,30,2021-09-30,848,8,48,NS,2941,59874,17,SWTH,95,U,,HY,S,4,2,0,0,,7.9,30.2,0,0,0,0,0,0,0,0,0,0,0,0,0
2021,9,30,2021-09-30,850,8,50,NS,2941,59875,14,SWTH,95,U,,HY,P,5,3,0,0,,8.9,31.8,0,0,0,0,0,0,0,0,0,0,0,0,0
2021,9,30,2021-09-30,853,8,53,NS,2941,59876,20,GCTH,102,U,,HY,P,4,2,0,0,,7.5,38.1,1,0,0,0,1,0,0,0,0,0,0,0,0
2021,9,30,2021-09-30,856,8,56,NS,2941,59877,13,SWTH,100,U,,HY,S,4,1,0,0,,4.4,35.9,0,0,0,0,0,0,0,0,0,0,0,0,0
2021,9,30,2021-09-30,915,9,15,LM,2941,59879,3,SWTH,95,U,,HY,S,5,1,0,0,,,30,1,0,0,0,0,0,0,0,0,0,1,0,0
2021,9,30,2021-09-30,919,9,19,LM,2941,59880,8,SWTH,104,M,W,AHY,P,6,1,0,0,,6.1,34.2,0,0,0,0,0,0,0,0,0,0,0,0,0
2021,9,30,2021-09-30,944,9,44,LM,2941,59881,18,SWTH,100,U,,HY,S,4,1,0,0,,6.5,32.7,0,0,0,0,0,0,0,0,0,0,0,0,0
2021,9,30,2021-09-30,947,9,47,LM,2941,59882,1,SWTH,92,U,,HY,S,4,1,1,0,,5.9,27.3,1,1,0,0,0,0,0,0,0,0,0,0,0
2021,9,30,2021-09-30,1028,10,28,TL,2941,59883,1,SWTH,96,U,,HY,S,4,2,1,2,,7,,0,0,0,0,0,0,0,0,0,0,0,0,0
2021,9,30,2021-09-30,1031,10,31,TL,2941,59884,17,SWTH,95,U,,HY,S,4,1,0,0,,5.8,31.5,1,1,0,0,0,0,0,0,0,0,0,0,0
2021,9,30,2021-09-30,1118,11,18,TL,2941,59885,4,SWTH,103,M,W,HY,S,5,1,0,0,,5.9,31.6,1,1,0,0,0,0,0,0,0,0,0,0,0
2021,9,30,2021-09-30,1147,11,47,SP,2941,59886,18,SWTH,94,F,W,HY,P,5,2,0,0,,1.1,30.8,1,0,0,0,1,0,0,0,0,0,0,0,0
2021,9,30,2021-09-30,1210,12,10,LM,2941,59887,14,SWTH,92,U,,HY,P,8,3,0,0,,6.6,32.8,0,0,0,0,0,0,0,0,0,0,0,0,0
2021,9,30,2021-09-30,1317,13,17,TL,2941,59888,5,SWTH,100,U,,HY,P,8,3,0,0,,6.8,33.8,0,0,0,0,0,0,0,0,0,0,0,0,0
2021,10,1,2021-10-01,910,9,10,TD,2941,59889,5,SWTH,90,F,W,AHY,P,8,2,0,0,,2.7,27.3,0,0,0,0,0,0,0,0,0,0,0,0,0
2021,10,1,2021-10-01,912,9,12,TD,2941,59890,15,SWTH,98,U,,HY,P,9,0,0,0,,5.9,27.7,1,1,0,0,0,0,0,0,0,0,0,0,0
2021,10,1,2021-10-01,916,9,16,TD,2941,59891,8,SWTH,97,U,,HY,P,8,1,0,0,,7.5,31.4,0,0,0,0,0,0,0,0,0,0,0,0,0
2021,10,1,2021-10-01,917,9,17,TD,2941,59892,14,SWTH,100,U,,HY,P,6,3,0,0,,7,33.7,0,0,0,0,0,0,0,0,0,0,0,0,0
2021,10,1,2021-10-01,921,9,21,TD,2941,59893,3,SWTH,94,U,,U,,,1,0,0,,2.1,30.6,0,0,0,0,0,0,0,0,0,0,0,0,0
2021,10,1,2021-10-01,923,9,23,TD,2941,59894,12,SWTH,99,U,,HY,P,9,5,0,0,,4,37.8,0,0,0,0,0,0,0,0,0,0,0,0,0
2021,10,1,2021-10-01,924,9,24,TD,2941,59895,20,SWTH,95.5,U,,HY,P,9,2,0,0,,3.9,30.7,0,0,0,0,0,0,0,0,0,0,0,0,0
2021,10,1,2021-10-01,928,9,28,TD,2941,59896,14,SWTH,92,U,,HY,P,8,2,1,0,,8.8,29.2,0,0,0,0,0,0,0,0,0,0,0,0,0
2021,10,1,2021-10-01,931,9,31,TD,2941,59897,14,SWTH,97.5,U,,HY,P,1,3,3,0,,7,32.5,0,0,0,0,0,0,0,0,0,0,0,0,0
2021,10,1,2021-10-01,933,9,33,TD,2941,59898,13,SWTH,94,U,,HY,P,4,0,0,0,,3.7,33.3,1,0,0,0,1,0,0,0,0,0,0,0,0
2021,10,1,2021-10-01,936,9,36,TD,2941,59899,3,SWTH,94.5,U,,HY,P,2,1,0,0,,3.2,28.1,0,0,0,0,0,0,0,0,0,0,0,0,0
2021,10,1,2021-10-01,940,9,40,TD,2941,59900,14,GCTH,102,U,,HY,P,4,1,0,0,,4.1,31.1,0,0,0,0,0,0,0,0,0,0,0,0,0
2021,10,1,2021-10-01,942,9,42,TD,2941,59701,14,SWTH,98,U,,HY,P,3,2,0,0,,5.7,31.3,0,0,0,0,0,0,0,0,0,0,0,0,0
2021,10,1,2021-10-01,945,9,45,TD,2941,59702,17,SWTH,99,U,,HY,P,3,1,3,0,,4,33.1,1,0,0,0,1,0,0,0,0,0,0,0,0
2021,10,1,2021-10-01,946,9,46,TD,2941,59703,20,SWTH,95,U,,HY,P,3,3,0,0,,0,32.6,0,0,0,0,0,0,0,0,0,0,0,0,0
2021,10,1,2021-10-01,1015,10,15,KB,2891,66501,12,WOTH,101,U,,HY,P,4,1,0,0,,6,49,0,0,0,0,0,0,0,0,0,0,0,0,0
2021,10,1,2021-10-01,1037,10,37,KB,2941,59704,8,SWTH,96,U,,AHY,P,4,2,,,,,34.4,0,0,0,0,0,0,0,0,0,0,0,0,0
2021,10,1,2021-10-01,1039,10,39,KB,2941,59705,16,SWTH,99,U,,HY,P,5,1,3,0,,4.4,32.9,0,0,0,0,0,0,0,0,0,0,0,0,0
2021,10,1,2021-10-01,1041,10,41,KB,2941,59706,18,SWTH,96,U,,HY,P,8,2,0,0,,6.4,31.9,1,1,0,0,0,0,0,0,0,0,0,0,0
2021,10,1,2021-10-01,1042,10,42,KB,2941,59707,14,GCTH,100,U,,AHY,P,6,3,0,0,,6.1,32,0,0,0,0,0,0,0,0,0,0,0,0,0
2021,10,1,2021-10-01,1103,11,3,KB,2941,59708,3,SWTH,97,U,,HY,P,9,2,2,0,,3.9,31.8,1,0,0,0,0,0,1,0,0,0,0,1,0
2021,10,1,2021-10-01,1105,11,5,KB,2941,59709,3,SWTH,97,U,,HY,P,3,2,0,0,,9,31.8,0,0,0,0,0,0,0,0,0,0,0,0,0
2021,10,1,2021-10-01,1215,12,15,KB,2941,59711,34,SWTH,96,U,,HY,P,8,1,2,0,,3.9,31.1,0,0,0,0,0,0,0,0,0,0,0,0,0
2021,10,1,2021-10-01,1243,12,43,GG,2941,59712,4,SWTH,102,M,W,AHY,P,6,1,0,0,,5.1,33.6,0,0,0,0,0,0,0,0,0,0,0,0,0
2021,10,1,2021-10-01,1307,13,7,TM,2941,59713,12,SWTH,98,U,,AHY,P,8,2,2,0,,8,31.1,0,0,0,0,0,0,0,0,0,0,0,0,0
2021,10,1,2021-10-01,1315,13,15,TM,2941,59714,20,SWTH,95,U,,AHY,P,8,3,1,0,,6.5,32.1,0,0,0,0,0,0,0,0,0,0,0,0,0
2021,10,1,2021-10-01,1323,13,23,TM,2941,59715,1,SWTH,95,U,,HY,P,8,2,0,0,,6.8,31.7,0,0,0,0,0,0,0,0,0,0,0,0,0
2021,10,2,2021-10-02,743,7,43,JH,2891,66505,0,WOTH,105,U,,U,,8,0,2,0,,4.3,49.3,0,0,0,0,0,0,0,0,0,0,0,0,0
2021,10,2,2021-10-02,820,8,20,JH,2941,59716,13,SWTH,99,U,,U,,8,0,0,0,,5.3,32.1,0,0,0,0,0,0,0,0,0,0,0,0,0
2021,10,2,2021-10-02,836,8,36,JH,2941,59717,18,SWTH,94,U,,U,,8,0,0,0,,4.9,29.3,0,0,0,0,0,0,0,0,0,0,0,0,0
2021,10,2,2021-10-02,844,8,44,TM,2941,59718,1,SWTH,97,U,,HY,P,8,3,1,0,,5.5,33.1,1,1,0,0,0,0,0,0,0,0,0,0,0
2021,10,2,2021-10-02,856,8,56,JH,2941,59719,1,SWTH,97,U,,HY,P,8,3,0,0,,7.6,34.4,0,0,0,0,0,0,0,0,0,0,0,0,0
2021,10,2,2021-10-02,903,9,3,JH,2941,59720,13,SWTH,99,U,,U,,8,1,0,0,,3.7,34,0,0,0,0,0,0,0,0,0,0,0,0,0
2021,10,2,2021-10-02,911,9,11,JH,2941,59721,12,SWTH,96,U,,HY,P,3,3,0,0,,4.4,34.1,0,0,0,0,0,0,0,0,0,0,0,0,0
2021,10,2,2021-10-02,915,9,15,TM,2891,66506,17,WOTH,108,U,,U,,8,2,2,0,,5.5,55.9,1,1,0,0,0,0,0,0,0,0,0,0,0
2021,10,2,2021-10-02,930,9,30,TM,2941,59722,20,SWTH,90,F,W,HY,P,8,1,0,0,,6.4,29,0,0,0,0,0,0,0,0,0,0,0,0,0
2021,10,2,2021-10-02,955,9,55,TM,2891,66507,18,WOTH,103,U,,HY,P,8,1,1,0,,2.9,44.8,1,1,0,0,0,0,0,0,0,0,0,0,0
2021,10,2,2021-10-02,1215,12,15,TH,2941,59723,12,SWTH,94,U,,HY,P,8,1,0,0,,6.8,30,0,0,0,0,0,0,0,0,0,0,0,0,0
2021,10,3,2021-10-03,727,7,27,SP,2941,59724,15,SWTH,95,U,,HY,P,9,2,0,0,,5.1,,0,0,0,0,0,0,0,0,0,0,0,0,0
2021,10,3,2021-10-03,801,8,1,NS,2891,66509,13,WOTH,108,M,W,HY,P,9,1,1,0,,,53.1,0,0,0,0,0,0,0,0,0,0,0,0,0
2021,10,3,2021-10-03,808,8,8,NS,2941,59725,1,SWTH,98,U,,AHY,P,9,2,4,0,,8.6,35.9,0,0,0,0,0,0,0,0,0,0,0,0,0
2021,10,3,2021-10-03,810,8,10,NS,2941,59726,8,SWTH,99,U,,HY,S,3,0,0,0,,5.5,30.5,0,0,0,0,0,0,0,0,0,0,0,0,0
2021,10,3,2021-10-03,811,8,11,NS,2891,66510,20,WOTH,107,M,W,HY,P,9,1,0,0,,,48.6,0,0,0,0,0,0,0,0,0,0,0,0,0
2021,10,3,2021-10-03,812,8,12,NS,2941,59727,8,SWTH,92,U,,HY,S,4,3,0,0,,,33.9,0,0,0,0,0,0,0,0,0,0,0,0,0
2021,10,3,2021-10-03,815,8,15,NS,2891,66511,18,WOTH,98,F,W,HY,P,9,3,0,0,,,42.7,1,1,0,0,0,0,0,0,0,0,0,0,0
2021,10,3,2021-10-03,815,8,15,NS,2941,59728,8,SWTH,96,U,,AHY,P,9,0,3,0,,5.5,33.5,0,0,0,0,0,0,0,0,0,0,0,0,0
2021,10,3,2021-10-03,823,8,23,NS,2941,59729,3,SWTH,98,U,,AHY,P,6,0,0,0,,6.1,29.6,1,1,0,0,0,0,0,0,0,0,0,0,0
2021,10,3,2021-10-03,825,8,25,NS,2941,59730,18,SWTH,100,U,,HY,S,4,0,1,0,,5,29,0,0,0,0,0,0,0,0,0,0,0,0,0
2021,10,3,2021-10-03,827,8,27,NS,2941,59731,3,SWTH,99,U,,HY,P,5,2,0,0,,3.4,36.4,0,0,0,0,0,0,0,0,0,0,0,0,0
2021,10,3,2021-10-03,828,8,28,NS,2941,59732,14,SWTH,98,U,,HY,P,9,4,1,0,,6.2,36.1,0,0,0,0,0,0,0,0,0,0,0,0,0
2021,10,3,2021-10-03,833,8,33,NS,2941,59733,14,SWTH,97,U,,AHY,P,6,4,0,0,,6.7,43.4,0,0,0,0,0,0,0,0,0,0,0,0,0
2021,10,3,2021-10-03,835,8,35,NS,2941,59734,14,SWTH,100,U,,HY,P,5,1,0,0,,6.7,34.5,0,0,0,0,0,0,0,0,0,0,0,0,0
2021,10,3,2021-10-03,835,8,35,NS,2941,59735,14,SWTH,100,U,,HY,P,4,2,0,0,,5.9,33.6,0,0,0,0,0,0,0,0,0,0,0,0,0
2021,10,3,2021-10-03,839,8,39,NS,2941,59736,20,SWTH,94,U,,HY,P,5,1,1,1,,,28.1,1,1,0,0,0,0,0,0,0,0,0,0,0
2021,10,3,2021-10-03,843,8,43,NS,2891,66512,3,WOTH,100,U,,HY,P,9,1,0,0,,,50.5,0,0,0,0,0,0,0,0,0,0,0,0,0
2021,10,3,2021-10-03,854,8,54,NS,2891,66513,1,WOTH,104,U,,HY,P,9,2,0,0,,,58.2,1,1,0,0,0,0,0,0,0,0,0,0,0
2021,10,3,2021-10-03,949,9,49,NS,2941,59737,14,SWTH,100,U,,HY,S,4,1,0,0,,5.2,31.2,0,0,0,0,0,0,0,0,0,0,0,0,0
2021,10,3,2021-10-03,1002,10,2,NS,2941,59738,3,SWTH,97,U,,HY,P,5,1,0,0,,5.2,32.1,0,0,0,0,0,0,0,0,0,0,0,0,0
2021,10,3,2021-10-03,1035,10,35,NS,2941,59739,8,SWTH,96,U,,AHY,P,6,0,0,0,,4.1,27.8,0,0,0,0,0,0,0,0,0,0,0,0,0
2021,10,3,2021-10-03,1116,11,16,NS,2941,59740,33,SWTH,100,U,,HY,P,9,0,0,0,,4.1,28.7,0,0,0,0,0,0,0,0,0,0,0,0,0
2021,10,5,2021-10-05,743,7,43,TM,2941,59742,34,SWTH,101,M,W,HY,P,9,1,0,0,,5.2,31,0,0,0,0,0,0,0,0,0,0,0,0,0
2021,10,13,2021-10-13,814,8,14,SM,2941,59766,16,SWTH,95,U,,HY,P,8,0,1,0,,4.4,29.4,0,0,0,0,0,0,0,0,0,0,0,0,0
2021,10,13,2021-10-13,920,9,20,SM,2891,66525,14,WOTH,103,U,,HY,P,4,1,0,0,,6.5,50.2,0,0,0,0,0,0,0,0,0,0,0,0,0
2021,10,13,2021-10-13,1025,10,25,MH,2941,59767,31,SWTH,96,U,,HY,P,8,0,0,0,,5.2,31.3,0,0,0,0,0,0,0,0,0,0,0,0,0